,X,Y,Z,R_x,R_y,R_z, Fx, Fy, Fz, Tx, Ty, Tz
8800,0.721136,0.7485279551502767,0.723792518208966,142.274017,12.484393,101.500923,443.0,83.0,-1444.0,562.0,-1907.0,477.0
8801,0.721136,0.7485279551502767,0.723792518208966,142.274017,12.484393,101.500923,448.2631578947369,82.47368421052632,-1435.0526315789477,562.5263157894736,-1900.1578947368423,477.5263157894737
8802,0.721136,0.7485279551502767,0.723792518208966,142.274017,12.484393,101.500923,456.6531365313654,81.19188191881919,-1425.808118081181,562.3321033210333,-1896.778597785978,476.59409594095945
8803,0.721136,0.7485279551502767,0.723792518208966,142.274017,12.484393,101.500923,459.6618202965979,80.84530386740333,-1418.5943588252399,563.3986624018611,-1892.4812445478337,476.42134341378306
8804,0.721136,0.7485279551502767,0.723792518208966,142.274017,12.484393,101.500923,460.4769846890186,81.37146834021148,-1415.2746941466628,564.5222827281384,-1891.1427559766548,475.585870918903
8805,0.721136,0.7485279551502767,0.723792518208966,142.274017,12.484393,101.500923,459.73492559101413,81.07876916247474,-1419.271054445651,563.557135814273,-1895.5941151487857,475.88767476454393
8806,0.721136,0.7485279551502767,0.723792518208966,142.274017,12.484393,101.500923,460.93581445078627,81.25535060075357,-1420.7525379856854,564.0253837862953,-1898.7387935781862,477.05928467743416
8807,0.721136,0.7485279551502767,0.723792518208966,142.274017,12.484393,101.500923,461.29824934223717,81.73726304678613,-1421.498318051187,564.898839415374,-1901.7695596244773,477.04887532463215
8808,0.721136,0.7485279551502767,0.723792518208966,142.274017,12.484393,101.500923,460.27009720375713,82.59637388198576,-1424.1921205131523,564.4256209411482,-1902.4601541186707,477.3673849450703
8809,0.720695,0.7485346250604178,0.7253014709560377,142.683182,12.728889,102.883652,460.9962980678847,82.65834421167608,-1423.3949535171835,564.0532056718731,-1903.31070877898,477.3109788673832
8810,0.71535,0.7486154655812889,0.7435902519834703,140.673279,11.462585,101.585068,462.45416114112845,83.72826102276208,-1425.9605784572511,565.3570431075938,-1907.2002021271635,478.28578569105343
8811,0.71535,0.7486154655812889,0.7435902519834703,140.673279,11.462585,101.585068,461.41535568297553,83.48741205940223,-1428.6138957982937,566.1434407060585,-1908.9839709029943,478.803395389024
8812,0.71535,0.7486154655812889,0.7435902519834703,140.673279,11.462585,101.585068,459.4825189504679,83.28797718398097,-1434.431182428307,567.4650258461303,-1912.6063285161927,479.0979200731359
8813,0.71535,0.7486154655812889,0.7435902519834703,140.673279,11.462585,101.585068,457.34535175071903,82.99131198334797,-1437.487177934968,568.4420306146975,-1913.8243369189581,479.73353678085664
8814,0.713629,0.7486414948678033,0.7494789315247639,145.026382,11.198179,104.311234,455.28702544165344,82.61462408774013,-1440.5740118762249,568.5122942029602,-1915.3575855166166,480.144873733655
8815,0.713629,0.7486414948678033,0.7494789315247639,145.026382,11.198179,104.311234,453.4106214494973,81.67996802325344,-1443.203942061452,568.4494127162209,-1916.1729078369558,480.4953258438269
8816,0.718162,0.748572935451319,0.7339685396824152,139.641769,12.137132,93.538391,454.5614920928711,80.75825555841921,-1444.619647648369,568.7555218152417,-1918.0723985750144,480.31586409801344
8817,0.718162,0.748572935451319,0.7339685396824152,139.641769,12.137132,93.538391,454.73074716136125,80.19839845478957,-1443.7231186976392,568.5489668400469,-1917.2402590370455,480.2786994781474
8818,0.716201,0.7486025946209033,0.7406784179976249,140.37262,11.599864,96.801933,456.3805342123933,80.0598416379018,-1441.5583831553088,568.7167328572996,-1916.1719158042301,480.3620950332135
8819,0.718481,0.7485681107317385,0.7328770296454175,142.907242,11.170554,100.280876,458.38633994145147,79.82534859435209,-1439.2180101150493,568.9766607331504,-1915.6969835490672,479.9793530386179
8820,0.710707,0.7486856886941803,0.7594770265971973,139.782852,11.170554,100.280876,458.5675317745195,79.8449595453511,-1437.621523109203,569.5407126504433,-1914.608145652152,480.3185301515946
8821,0.710707,0.7486856886941803,0.7594770265971973,139.782852,11.170554,100.280876,456.1751874934692,80.08400399239359,-1438.883662625275,570.2571988627706,-1914.0969943988503,480.5050445296721
8822,0.710707,0.7486856886941803,0.7594770265971973,139.782852,11.170554,100.280876,452.9739445642454,79.85533697708762,-1442.6270724599608,570.4484274476373,-1914.305801393709,480.44962859687234
8823,0.710707,0.7486856886941803,0.7594770265971973,139.782852,11.170554,100.280876,449.49939787729863,79.21904883773033,-1445.9276397248184,571.4863783548286,-1914.707242808065,480.83544058736294
8824,0.710707,0.7486856886941803,0.7594770265971973,139.782852,11.170554,100.280876,445.89036644962437,78.22584182217439,-1449.0597277191791,571.7571814166607,-1914.954251210784,480.5299666135149
8825,0.710707,0.7486856886941803,0.7594770265971973,139.782852,11.170554,100.280876,442.1603290326526,76.49117969972403,-1452.2605635729105,571.7831405134991,-1914.6384199749252,480.3664019022251
8826,0.710707,0.7486856886941803,0.7594770265971973,139.782852,11.170554,100.280876,439.0642605620801,75.37728929570788,-1455.3119441963697,571.9123393399271,-1914.4644623895963,480.32749955047984
8827,0.710707,0.7486856886941803,0.7594770265971973,139.782852,11.170554,100.280876,437.1580747210719,74.38777433487752,-1455.2790270665341,572.5547244801998,-1912.4105237585425,479.65980601214426
8828,0.705017,0.7487717471719645,0.7789462808621348,143.726486,10.317822,101.148018,435.25251283156314,74.34708015305357,-1456.614003466392,572.9162818495926,-1910.898240914466,479.2757351804693
8829,0.705017,0.7487717471719645,0.7789462808621348,143.726486,10.317822,101.148018,432.3021941209843,73.68427506223782,-1458.7428472745685,573.8648652120902,-1910.1778798845862,479.3513678175099
8830,0.60541,0.7502782545175973,1.1197677236683994,139.707199,11.338105,97.805969,427.3843488680446,73.50916681888053,-1461.8885786230478,573.8789147078394,-1908.703854829663,479.52277039413815
8831,0.709389,0.7487056228020397,0.7639867765306221,139.707199,11.338105,97.805969,423.72009509220464,72.93866076285288,-1463.4534536203328,574.3056769014485,-1906.974074147279,479.15796716527905
8832,0.709389,0.7487056228020397,0.7639867765306221,139.707199,11.338105,97.805969,421.1692566281235,72.01629053708267,-1464.4385508707098,574.3773233113703,-1905.3257276255129,479.34804443599256
8833,0.709389,0.7487056228020397,0.7639867765306221,139.707199,11.338105,97.805969,418.4774645867939,70.67742379840354,-1465.7306322345135,574.3385115139629,-1903.4407276625825,479.10652258402297
8834,0.709389,0.7487056228020397,0.7639867765306221,139.707199,11.338105,97.805969,416.0694415673416,70.40280734160727,-1466.5787999683841,574.0986564164903,-1901.8570120313168,479.50586652547497
8835,0.709389,0.7487056228020397,0.7639867765306221,139.707199,11.338105,97.805969,415.75542307658316,70.36159823216411,-1467.1334145504438,574.3954776829249,-1902.6900784820343,479.5564187332624
8836,0.710779,0.7486845997292594,0.759230666965022,140.652527,10.862427,99.429703,416.39280402431234,70.83503765824365,-1469.7736044224798,574.5592505001474,-1905.2734499356834,479.9079034084122
8837,0.710779,0.7486845997292594,0.759230666965022,140.652527,10.862427,99.429703,417.67695684725743,71.76856897528263,-1470.9171106866938,574.7060033975372,-1908.199499505287,480.12100168570896
8838,0.704529,0.7487791279342069,0.7806160517024319,141.285614,10.862427,99.429703,419.9465349042956,71.99543799376009,-1472.0439051932472,574.8375636993624,-1911.4326482131846,480.41370870399743
8839,0.706197,0.7487539002468704,0.7749087202237122,141.285614,11.901423,102.417824,423.0984697945175,72.30040182913613,-1470.8214456424007,574.9555512901948,-1912.9112382582407,481.2852195331455
8840,0.706197,0.7487539002468704,0.7749087202237122,141.285614,11.901423,102.417824,425.5208472043064,72.77669771255094,-1469.1166221614842,575.2641007310252,-1911.9067519574312,481.5603576861804
8841,0.706197,0.7487539002468704,0.7749087202237122,141.285614,11.901423,102.417824,427.18873125094694,72.59687501127465,-1466.6757364035398,575.0349471127487,-1910.1955898473452,481.50364289891075
8842,0.704753,0.7487757400433415,0.7798495995134433,144.813797,11.591285,105.38472,428.5849022363403,73.34525146374268,-1465.0910877561953,574.5259680175232,-1908.5583895982556,481.4527300092093
8843,0.704753,0.7487757400433415,0.7798495995134433,144.813797,11.591285,105.38472,428.9297563169864,74.01724311587718,-1464.0720970766567,574.2708976099659,-1907.0882940378826,481.10407585186255
8844,0.704315,0.7487823645799442,0.7813482872758408,144.913208,11.552988,104.955246,430.9544521568143,74.62078650903672,-1463.0560190772296,573.3356449982473,-1907.7855502610073,480.6900547051917
8845,0.706189,0.7487540212429727,0.774936093516176,141.421494,12.810008,102.897255,433.07566945772294,75.16296677477911,-1463.1511645531293,573.100231284336,-1910.024583213137,480.4189194216837
8846,0.706189,0.7487540212429727,0.774936093516176,141.421494,12.810008,102.897255,435.48513660253195,76.45581004737701,-1463.639500462014,572.8887127941043,-1911.8349233639578,480.37672920946085
8847,0.706189,0.7487540212429727,0.774936093516176,141.421494,12.810008,102.897255,437.0465577740341,77.1144195678466,-1464.3802636590215,573.1011934623482,-1914.2669049614656,480.2381747098171
8848,0.706189,0.7487540212429727,0.774936093516176,141.421494,12.810008,102.897255,437.9470586400054,77.90751923037044,-1464.844897982963,573.1915917745357,-1915.0446682622264,479.9124922452673
8849,0.706189,0.7487540212429727,0.774936093516176,141.421494,12.810008,102.897255,438.65600653408467,78.21836935901962,-1463.8553080606596,572.4687070115127,-1913.1303353947326,479.5192161642245
8850,0.703083,0.7488009979797035,0.7855637743152788,140.654465,11.98197,102.134216,439.8961581972818,78.39736266525522,-1461.1572626469886,571.7183558834248,-1910.7060570883714,479.6679845949469
8851,0.702951,0.748802994415392,0.7860154336409328,144.401932,12.033033,104.914436,441.01119717233576,78.25704061620878,-1458.5305711063206,571.6462191561362,-1908.5263520747108,479.29964849507
8852,0.700864,0.748834559273588,0.7931564413124486,145.673355,12.052098,105.903625,440.7089418509918,78.23123961760118,-1456.5701484877,570.8787136439308,-1905.6629588063029,479.3699477671074
8853,0.700864,0.748834559273588,0.7931564413124486,145.673355,12.052098,105.903625,441.7415392824974,77.80668005356442,-1455.6098866172063,570.4895262845479,-1905.1950808469244,479.2324881856796
8854,0.700864,0.748834559273588,0.7931564413124486,145.673355,12.052098,105.903625,441.8677695047151,77.4248500429889,-1455.147490768059,569.8385927006921,-1903.6709343994064,478.8079473821556
8855,0.700864,0.748834559273588,0.7931564413124486,145.673355,12.052098,105.903625,441.7807542257074,77.58279764571476,-1454.1299547338779,569.0525806005056,-1902.5006355959483,478.02500823040566
8856,0.700907,0.748833908919538,0.7930093098654556,139.221649,11.380845,99.166588,443.10594544548417,77.42412675188334,-1452.6132204578614,568.8468153219022,-1901.7487185347022,477.5212656644577
8857,0.700577,0.7488389000087592,0.7941384581795905,143.168579,12.456239,102.380463,444.9995519260587,77.68228681285376,-1450.146425750969,568.7619455033687,-1900.9721237815156,476.9679114644354
8858,0.700577,0.7488389000087592,0.7941384581795905,143.168579,12.456239,102.380463,447.003598168719,78.71612236839252,-1448.027552467968,568.6855985126666,-1899.9729163076727,476.77072660329577
8859,0.700577,0.7488389000087592,0.7941384581795905,143.168579,12.456239,102.380463,449.0068381948072,79.04510131009998,-1446.522091893012,569.0176353349896,-1899.7752695035626,476.2927950951233
8860,0.700577,0.7488389000087592,0.7941384581795905,143.168579,12.456239,102.380463,450.508583161382,79.34106985175602,-1445.5683401922438,569.5166789092895,-1900.799398887152,476.8644401123965
8861,0.700577,0.7488389000087592,0.7941384581795905,143.168579,12.456239,102.380463,450.75808801911114,79.40705891883732,-1447.0136098762712,570.1659560921664,-1902.5219663303012,477.5790362518213
8862,0.700147,0.7488454035492597,0.7956097726495246,143.123352,12.641068,103.451103,449.380474515257,79.16603728366849,-1449.8159199723416,570.8502569310829,-1903.8715376633954,478.1218437155489
8863,0.700147,0.7488454035492597,0.7956097726495246,143.123352,12.641068,103.451103,447.44013937278413,78.34846962794506,-1453.7389533038156,571.4659571599088,-1905.3861696761555,478.3098810434744
8864,0.699979,0.7488479444674087,0.7961846117912659,143.247879,12.643533,102.678787,445.4940604187994,76.91209850789407,-1456.9684848830418,571.9198430697969,-1905.8480428097948,479.38002849036013
8865,0.702749,0.7488060495669758,0.7867066092756461,143.532227,12.542273,106.015198,443.64288649665906,75.31936759119394,-1458.7733600594668,571.6275796498041,-1905.1625839121748,479.74237168086495
8866,0.704113,0.7487854197315281,0.782039462910554,139.7202,12.542273,106.015198,441.77699410416795,74.7869732367547,-1461.6985382572148,571.464681673287,-1905.2463975591604,480.0684147482476
8867,0.696976,0.7488933633793218,0.8064598614498966,144.800766,12.542273,106.015198,439.89784106738387,74.70821498932109,-1465.1313398889615,571.7184097783515,-1905.5219709741648,480.5619550535052
8868,0.696976,0.7488933633793218,0.8064598614498966,144.800766,12.542273,106.015198,438.10681004734045,74.63734415020936,-1467.5198687905645,572.4470760969939,-1906.1702251904321,480.60579006602944
8869,0.696976,0.7488933633793218,0.8064598614498966,144.800766,12.542273,106.015198,436.1949310998887,74.47350707836102,-1471.2702318092736,573.2028420341694,-1908.054383244784,480.64523577526955
8870,0.696976,0.7488933633793218,0.8064598614498966,144.800766,12.542273,106.015198,432.4733393066054,73.82579110997031,-1474.8452246414265,573.8829413529543,-1907.9488854278845,481.48118360617354
8871,0.69637,0.7489025288340735,0.8085333883540358,142.168961,12.783541,104.627708,428.52400097305474,72.84271305856325,-1478.7626904039266,574.3949070549901,-1906.9534916941225,482.23344704090397
8872,0.69637,0.7489025288340735,0.8085333883540358,142.168961,12.783541,104.627708,424.5697946895859,71.65790055890223,-1481.3876203683003,574.9556724936332,-1905.8576419669566,482.610274462501
8873,0.699659,0.7488527843115019,0.7972795434898212,139.801575,12.722925,97.757164,421.51155798466584,70.1915076713643,-1483.6497883049012,575.2602304475321,-1905.6718013715051,483.0494275513465
8874,0.699659,0.7488527843115019,0.7972795434898212,139.801575,12.722925,97.757164,417.95908781314233,69.47209072824297,-1487.386191900717,576.0344938713301,-1905.5045593567347,483.7447420545716
8875,0.699659,0.7488527843115019,0.7972795434898212,139.801575,12.722925,97.757164,416.3626474337264,69.12476599988362,-1489.9484259080161,576.8313098156489,-1906.9545862649943,483.4701764216041
8876,0.692129,0.7489666718928226,0.8230446550214525,145.946411,12.410304,107.343971,414.32577225786173,68.81219572549941,-1491.1539445999224,577.7484536935499,-1907.159188956013,483.2230847283679
8877,0.692129,0.7489666718928226,0.8230446550214525,145.946411,12.410304,107.343971,411.2923768597985,68.13079236374067,-1492.3388697398414,577.6735881313352,-1905.5428340945834,483.1007432573931
8878,0.692129,0.7489666718928226,0.8230446550214525,145.946411,12.410304,107.343971,408.062355087826,66.81739430071569,-1491.8048531336224,577.006067277885,-1902.3877847986596,482.8906179238457
8879,0.692129,0.7489666718928226,0.8230446550214525,145.946411,12.410304,107.343971,406.1557030241861,65.83544033874274,-1491.0241972668596,577.2055041219613,-1899.3483422781069,482.80153666947854
8880,0.692129,0.7489666718928226,0.8230446550214525,145.946411,12.410304,107.343971,404.23975599475426,64.65166354232856,-1491.8219343968726,577.2849693347756,-1898.1132652007336,482.52132790590804
8881,0.692129,0.7489666718928226,0.8230446550214525,145.946411,12.410304,107.343971,401.3152628642663,63.586308658266006,-1493.2399919028037,577.1564496578975,-1896.5016534828476,482.2691504889057
8882,0.692129,0.7489666718928226,0.8230446550214525,145.946411,12.410304,107.343971,398.9833651813673,62.52750915965522,-1493.0159570309572,577.340834058626,-1894.2511296983414,481.64213557666
8883,0.692129,0.7489666718928226,0.8230446550214525,145.946411,12.410304,107.343971,397.5848281953729,62.074693336562554,-1492.4142750820972,577.0067027580086,-1891.5256260517624,481.1778554685634
8884,0.693371,0.7489478872479355,0.8187949513664345,140.261154,11.913253,100.805016,395.62609268522834,61.5671585273592,-1492.0728035216632,576.5059678839,-1888.1726308867126,479.9599127985675
8885,0.693122,0.7489516532516206,0.8196469450943726,145.462875,12.867082,106.417931,393.36322068299404,60.610331580980066,-1491.1654178162937,576.4553652202216,-1884.5549477622135,478.66377102847645
8886,0.685263,0.7490705167976498,0.8465377832785812,144.838516,11.544762,103.081802,391.3266858056052,59.74920843923695,-1490.0487593486826,576.4098239393325,-1880.8990709626732,477.59728248218687
8887,0.685263,0.7490705167976498,0.8465377832785812,144.838516,11.544762,103.081802,390.2939200974486,58.57417708818709,-1487.9436854398048,575.7687812578295,-1876.7087697848858,476.3374357502855
8888,0.685263,0.7490705167976498,0.8465377832785812,144.838516,11.544762,103.081802,387.96433090778544,57.5166698703735,-1485.2490888211305,575.1918543000846,-1871.2374297039776,475.40361313511215
8889,0.685263,0.7490705167976498,0.8465377832785812,144.838516,11.544762,103.081802,386.26776857738776,56.164899909085335,-1482.924002820132,574.8726445535242,-1866.6133344822686,474.96321827348834
8890,0.685263,0.7490705167976498,0.8465377832785812,144.838516,11.544762,103.081802,385.0409076065353,54.74831279751232,-1481.7315207820116,574.4853535456501,-1863.3517774229513,473.86682127758553
8891,0.685263,0.7490705167976498,0.8465377832785812,144.838516,11.544762,103.081802,384.63679191046754,53.87342753414532,-1481.2583395067977,574.2368028545998,-1862.1165234609755,472.7800720934336
8892,0.685263,0.7490705167976498,0.8465377832785812,144.838516,11.544762,103.081802,383.77306475381295,53.18604660820874,-1480.2324485850233,574.4131323612969,-1860.5047816095557,472.20203278366756
8893,0.685263,0.7490705167976498,0.8465377832785812,144.838516,11.544762,103.081802,382.2956844390255,52.467406029761904,-1480.0091925681945,574.7718370532127,-1858.6542109571567,471.38178850952636
8894,0.685263,0.7490705167976498,0.8465377832785812,144.838516,11.544762,103.081802,380.3660291954436,51.42061834022139,-1479.808264273226,574.4946408790636,-1856.1886789569735,470.9435899475426
8895,0.692863,0.7489555705004336,0.8205331554378907,143.667206,12.925786,103.296074,379.4293883571507,49.878494075201324,-1477.8273576513432,574.8451909827456,-1853.5697050353485,470.64921903554523
8896,0.695331,0.7489182432028639,0.8120884947127824,144.609863,12.925786,103.296074,377.186367796108,48.39059045533338,-1475.3445314234684,574.7606688048727,-1849.6125903527993,470.28428383543456
8897,0.686668,0.7490492668571775,0.8417303487896115,142.125656,12.925786,103.296074,375.16766481949105,46.85148093955093,-1474.7100574755468,574.7846027092224,-1846.0512145334162,469.6558348438857
8898,0.686668,0.7490492668571775,0.8417303487896115,142.125656,12.925786,103.296074,371.4507886426189,45.56629491633072,-1474.6390496323615,574.8061430740138,-1842.445986680191,468.7902258130674
8899,0.686668,0.7490492668571775,0.8417303487896115,142.125656,12.925786,103.296074,367.60560764497075,44.209629389763435,-1475.9751801586212,574.9255319377477,-1839.801317766066,468.3111905079129
8900,0.686668,0.7490492668571775,0.8417303487896115,142.125656,12.925786,103.296074,363.3449450282303,42.38862291915578,-1477.3776956702557,575.2329860937441,-1837.1211219186835,467.38004919794736
8901,0.686668,0.7490492668571775,0.8417303487896115,142.125656,12.925786,103.296074,358.01033575271254,40.74972536679679,-1480.1399855331592,575.2096869830956,-1834.8089599812681,466.7420305513517
8902,0.686668,0.7490492668571775,0.8417303487896115,142.125656,12.925786,103.296074,354.10922663925203,38.574710714743354,-1482.826038990594,575.3887217514828,-1833.128031434885,466.3678202502853
8903,0.686668,0.7490492668571775,0.8417303487896115,142.125656,12.925786,103.296074,348.99821490606365,37.01721250085074,-1486.5434998754795,575.4498506416237,-1831.0151914710743,466.2310358415239
8904,0.686783,0.7490475275382066,0.8413368577104428,142.695648,13.233734,102.779945,344.59832440651684,35.21546299169317,-1488.5891819729015,575.5048664403423,-1829.3136456365128,466.00792875810635
8905,0.686783,0.7490475275382066,0.8413368577104428,142.695648,13.233734,102.779945,340.8384388920116,33.793896625954055,-1490.9302968223587,576.4543931996534,-1828.5822707489076,465.8071330479003
8906,0.695472,0.7489161106465604,0.8116060404331069,143.14119,15.770132,107.473091,337.0545469313587,32.71449325036478,-1493.9373053418649,577.1089621954862,-1827.0240238776826,465.82641998813614
8907,0.684834,0.7490770052136374,0.8480056760869568,140.888687,12.73333,107.159576,334.54906359099914,31.343028244256256,-1495.7435954604587,577.9980761418987,-1825.6216054549268,465.2437713274277
8908,0.68787,0.7490310871928021,0.8376175115969127,140.888687,12.823873,97.949265,331.29412373716804,29.908710660085728,-1497.0692495559636,578.5982747040102,-1824.1594298630182,464.81938982761676
8909,0.68787,0.7490310871928021,0.8376175115969127,140.888687,12.823873,97.949265,327.5646768235996,28.117823007973303,-1497.762331019263,579.1384522364025,-1821.443461723084,464.4374473075376
8910,0.68787,0.7490310871928021,0.8376175115969127,140.888687,12.823873,97.949265,322.60816782750584,25.806021437735588,-1498.4861039501639,578.4246010626354,-1817.3990818398645,463.49369471037147
8911,0.68787,0.7490310871928021,0.8376175115969127,140.888687,12.823873,97.949265,318.2473183308678,24.425408936988685,-1497.937489439593,578.2821398876675,-1812.7591388483083,463.04432186826347
8912,0.687535,0.7490361539045872,0.838763768218838,142.398392,13.023177,103.927902,314.32255999957414,22.78285695351597,-1500.0437547161916,578.5539277338904,-1810.683210947744,462.83988830119347
8913,0.683083,0.7491034882355354,0.8539970054749895,145.66127,13.023177,103.927902,310.79028253609977,22.004566528963476,-1503.1393980549276,579.4985407003439,-1810.5148888301778,462.6558983530783
8914,0.683083,0.7491034882355354,0.8539970054749895,145.66127,13.023177,103.927902,307.5112363501847,21.104104951662038,-1506.1254745795602,579.5486869045469,-1810.063397478064,462.59030815907374
8915,0.683083,0.7491034882355354,0.8539970054749895,145.66127,13.023177,103.927902,305.1601011431589,20.0936894833513,-1508.2129373958473,579.1938164674623,-1808.9570522849583,462.4312765604318
8916,0.683083,0.7491034882355354,0.8539970054749895,145.66127,13.023177,103.927902,302.5440794406706,19.184316506773285,-1507.2916395751963,579.0744342918897,-1806.2613351152636,462.3881487133455
8917,0.684372,0.7490839927385471,0.8495864837267462,142.790085,12.863608,103.130333,301.48966729295387,18.665882789244083,-1505.262467527929,578.5669888396561,-1803.835191931375,461.2493293018529
8918,0.684372,0.7490839927385471,0.8495864837267462,142.790085,12.863608,103.130333,301.4407003879627,18.399293553783867,-1501.736208122737,578.3102890346385,-1800.8516620331795,460.12439233533627
8919,0.681423,0.7491285949267695,0.8596769636612454,142.822647,12.863608,103.130333,302.796634727812,18.359364069463354,-1498.0625754473997,578.1792597080487,-1797.96648651292,459.41195080115364
8920,0.685434,0.7490679305059624,0.8459526791521657,141.892715,13.083008,97.613983,303.4169730579333,18.123426976807995,-1495.5563106186487,577.961333103879,-1795.9698320587083,458.4707529856149
8921,0.678139,0.7491782638267771,0.8709137002176699,141.708252,14.010243,103.668861,302.87527433522445,17.611082938994393,-1493.7006747030168,577.7651992804659,-1792.7728404905008,457.52367520979226
8922,0.678139,0.7491782638267771,0.8709137002176699,141.708252,14.010243,103.668861,301.0877426936374,17.049973324175394,-1491.830602830341,577.9886798785195,-1789.0955477846612,457.07130662388295
8923,0.678139,0.7491782638267771,0.8709137002176699,141.708252,14.010243,103.668861,298.57896310890146,15.744973226843301,-1492.9475449137813,578.6898133761649,-1787.3859893841393,456.3641744632879
8924,0.678139,0.7491782638267771,0.8709137002176699,141.708252,14.010243,103.668861,295.5210609670889,14.170472901842738,-1493.9527923392466,578.620831907012,-1784.447384842284,456.0277563754645
8925,0.678139,0.7491782638267771,0.8709137002176699,141.708252,14.010243,103.668861,292.46894963248775,12.653423008167627,-1495.0575150011957,578.5587486097663,-1781.8026418192699,455.1249791886136
8926,0.678995,0.7491653172438275,0.8679847579240341,143.949127,12.930099,103.668861,291.32205289781297,11.388078752978124,-1494.7517630288305,578.3028733535806,-1779.4223739609276,454.5124803237243
8927,0.679414,0.7491589800729679,0.8665510817312385,143.388107,13.143759,102.937553,288.38984353201283,10.749269989682137,-1495.176587316489,577.4725848640513,-1776.4801324748707,453.9612315250694
8928,0.679376,0.749159554804454,0.8666811048704419,141.645004,12.823324,98.555099,286.25085650277606,9.874341896112323,-1494.3589275618856,576.7253254427678,-1772.5321142881128,453.56510787698176
8929,0.679376,0.749159554804454,0.8666811048704419,141.645004,12.823324,98.555099,285.525770036074,8.986906707277054,-1494.42303487788,576.4527925916276,-1770.478900547448,453.30859680046024
8930,0.679376,0.749159554804454,0.8666811048704419,141.645004,12.823324,98.555099,285.673193181861,8.3882154298526,-1493.6807306378619,576.2075130839055,-1769.6310096334748,452.8777366837929
8931,0.679376,0.749159554804454,0.8666811048704419,141.645004,12.823324,98.555099,286.6058747143126,8.349393851460723,-1493.7126576031942,576.0867616653854,-1770.4679094334087,452.4899626617503
8932,0.679376,0.749159554804454,0.8666811048704419,141.645004,12.823324,98.555099,287.5452880139809,8.314454437635296,-1494.2413922768767,576.2780856558916,-1771.6211194366585,452.4409663553576
8933,0.679376,0.749159554804454,0.8666811048704419,141.645004,12.823324,98.555099,289.49076064979664,8.78300934001572,-1493.717252661982,576.2502770697588,-1772.6590082597309,451.6968691701216
8934,0.677407,0.7491893349701406,0.8734183564781155,145.722443,13.656766,104.625504,291.4416858819347,9.304708752878064,-1491.245525752399,576.2252493461426,-1771.3931065920938,450.92718174136496
8935,0.677407,0.7491893349701406,0.8734183564781155,145.722443,13.656766,104.625504,293.5975185837609,9.674238098711374,-1490.1209725042424,576.402724517727,-1770.2537952511366,450.1344630928769
8936,0.677407,0.7491893349701406,0.8734183564781155,145.722443,13.656766,104.625504,294.7377673394626,9.50681419867456,-1490.608875516577,576.3624520442658,-1769.228415173807,449.9210166686382
8937,0.677407,0.7491893349701406,0.8734183564781155,145.722443,13.656766,104.625504,293.76399013353387,9.656132851180734,-1491.147988226223,576.1262067253328,-1768.405573257601,449.8289149571334
8938,0.675047,0.7492250288203287,0.8814934777549612,145.084229,13.183655,104.710701,293.0875908251194,9.290519406573575,-1490.6331891790335,575.7135858728047,-1766.4650150853242,450.1460235997502
8939,0.675267,0.7492217014275147,0.8807407122122046,143.582809,13.276064,102.608543,291.6788311895271,8.561467179689638,-1490.6698702755311,575.5422272182487,-1765.018513008894,450.0314211947822
8940,0.673132,0.7492539922623247,0.8880459596385037,144.040741,12.718,103.24939,290.21094755191115,7.905320229877162,-1489.0028826589632,575.3880044419307,-1762.1166606826616,449.5282788975233
8941,0.675115,0.7492240003534589,0.8812608047690182,143.198471,12.294668,99.938782,289.58985259920763,7.1147879554948465,-1487.202593820563,575.1492039217974,-1760.4049940700736,449.4754509909713
8942,0.672644,0.749261373024567,0.8897157304788004,143.801193,13.313432,102.524155,288.53086703619874,7.003309128039444,-1484.382333631331,574.8342834394855,-1757.5644938500977,449.8279059927489
8943,0.672644,0.749261373024567,0.8897157304788004,143.801193,13.313432,102.524155,287.97778019011173,6.802978163633154,-1481.9440996401443,573.7508548164615,-1755.0080438065834,449.5451153206312
8944,0.672644,0.749261373024567,0.8897157304788004,143.801193,13.313432,102.524155,288.38000226434644,6.922680375020034,-1477.3496886110217,572.7757691087643,-1752.5072388461713,448.4906035441039
8945,0.672644,0.749261373024567,0.8897157304788004,143.801193,13.313432,102.524155,291.34200265591613,7.230412401724542,-1473.0147188454532,571.6981919730575,-1752.556514971835,447.74154303340634
8946,0.672644,0.749261373024567,0.8897157304788004,143.801193,13.313432,102.524155,293.707802834574,7.5073712135593595,-1468.713246153178,570.5283725560834,-1751.7008633139774,446.8673885659171
8947,0.672644,0.749261373024567,0.8897157304788004,143.801193,13.313432,102.524155,295.7370228940585,7.756634134329312,-1465.1419209342998,569.6755351563439,-1751.030776869334,445.4806494749639
8948,0.67294,0.7492568961687807,0.8887029186576365,144.389847,13.587678,103.026154,298.3633210041169,7.880970739808183,-1460.927728199884,569.307981584804,-1749.8276989994104,445.13258447452625
8949,0.67294,0.7492568961687807,0.8887029186576365,144.389847,13.587678,103.026154,300.72698922727125,7.992873681145923,-1457.534954915454,569.5771834631751,-1748.3449288964907,444.21932590205637
8950,0.671471,0.7492791140780715,0.8937293394863173,143.434875,12.434001,101.714157,300.65429029558743,8.593586387040537,-1456.7814593310761,570.0194651713476,-1747.2104358670695,443.7973932598677
8951,0.671298,0.7492817306187844,0.894321286935849,143.76474,13.368205,102.928581,298.88886107027423,9.034227797195726,-1458.4033135778031,570.6175187205263,-1746.7893922336766,443.71765392503926
8952,0.673885,0.7492426035041926,0.8854694484853405,141.950134,13.179031,99.551056,294.39997451528336,8.330804947278853,-1463.0629826850293,571.6557669520845,-1747.9104531221842,444.24588858524993
8953,0.674237,0.74923727967569,0.8842650236169294,141.888428,13.458946,96.295822,288.8599765661829,7.497724377728254,-1468.1566848740147,572.6901903497823,-1748.719407882622,445.2212998143311
8954,0.673028,0.749255565211655,0.888401812440534,142.492752,13.3883,94.75853,282.67397840953157,6.347951847015809,-1475.0410169430947,573.8211714062246,-1750.4474672340439,446.59916994427533
8955,0.672739,0.7492599361958517,0.8893906726307916,142.888565,13.29644,101.144676,277.6065801999265,4.6131565361083124,-1481.0369156849854,574.639054325103,-1751.302720572859,447.83925304006345
8956,0.670093,0.7492999556566984,0.8984443891132212,142.277084,14.646832,109.763542,272.1459218223985,3.051840780270691,-1485.833224430524,575.1751489276933,-1751.1724485070436,449.3553278353217
8957,0.670093,0.7492999556566984,0.8984443891132212,142.277084,14.646832,109.763542,266.83132932698413,1.7466566253326532,-1492.1499023596964,576.8576341340682,-1751.9552037024648,450.9197951439794
8958,0.667422,0.7493403532303647,0.9075836471346008,142.102264,14.572465,100.704887,261.6481961194005,1.371990942929157,-1498.4349124570494,577.871870774451,-1751.759683321849,452.4278157095587
8959,0.670358,0.7492959476608085,0.897537648800355,142.940414,13.099478,100.704887,256.7833762752572,1.2347918420875763,-1506.6914216054367,579.0846837548949,-1752.6837150337694,453.8850342081575
8960,0.670358,0.7492959476608085,0.897537648800355,142.940414,13.099478,100.704887,252.80503847683005,0.8113126396870007,-1514.3222797726994,581.2762154735492,-1755.2153436391463,455.69653086516007
8961,0.670358,0.7492959476608085,0.897537648800355,142.940414,13.099478,100.704887,249.3245344945831,0.3301813571167084,-1523.3900521460096,582.9485939908521,-1760.4938094793088,457.8268778610079
8962,0.670358,0.7492959476608085,0.897537648800355,142.940414,13.099478,100.704887,246.4920809465668,-0.3028368006214477,-1530.8510471910213,584.7537346545786,-1765.4444287036395,459.7441901416219
8963,0.667805,0.7493345605419656,0.9062731507578925,143.732437,12.323682,97.648453,246.24287284410585,-0.9725531415323938,-1536.2659426414941,586.6783612493931,-1769.4999859602806,461.26977117523535
8964,0.669648,0.7493066860648906,0.8999670285065249,143.606659,13.315946,101.652191,247.41858559283244,-0.9752978274565127,-1538.739348447057,588.0105251620005,-1772.8499874586714,462.6427940964101
8965,0.668871,0.7493184378113297,0.9026256595370796,143.090332,13.968441,99.11097,248.77672706800018,-0.7777680397002681,-1540.9654136588183,589.5094726838231,-1776.064988794357,463.9785147206513
8966,0.668871,0.7493184378113297,0.9026256595370796,143.090332,13.968441,99.11097,249.4990543776906,-0.899991238520553,-1544.1688723660704,590.5585254393902,-1779.7584899992426,464.88066326918187
8967,0.668871,0.7493184378113297,0.9026256595370796,143.090332,13.968441,99.11097,250.3491489573882,-0.8099921128193148,-1548.851985225686,591.902672923069,-1784.6826411004931,465.8925969630555
8968,0.6673,0.7493421984209253,0.9080010898446749,142.821655,13.21003,98.894676,252.41423409983696,-0.5289928963411433,-1552.1667867644146,593.5124056605292,-1789.8143770853399,467.20333729098815
8969,0.6673,0.7493421984209253,0.9080010898446749,142.821655,13.21003,98.894676,253.97281071579235,0.023906402494767685,-1555.850108149274,594.9611651185877,-1794.832939460329,467.98300357486517
8970,0.66786,0.749333728693762,0.9060849593722029,142.638962,13.727273,95.348267,255.37552966522375,-0.17848424078622277,-1560.1650973989788,596.2650486262592,-1799.9496455909368,468.48470322489334
8971,0.66786,0.749333728693762,0.9060849593722029,142.638962,13.727273,95.348267,256.9379767197642,-0.16063581646699168,-1563.2485877006484,598.2385437902373,-1803.354681077745,469.1362329111871
8972,0.66744,0.7493400809891344,0.907522057226557,142.489395,13.71004,95.93824,257.8441790587824,0.05542776780112199,-1565.4237289569737,600.4146894376158,-1805.9192130010847,469.62260962596946
8973,0.666376,0.7493561734707447,0.9111627051242537,143.057816,13.246849,101.565231,256.55976113887914,-0.2501150123153175,-1568.5813560957556,602.1732205130562,-1807.2272917152595,470.86034867688784
8974,0.665186,0.7493741716409668,0.9152344823782563,143.214935,13.547611,101.554436,253.40378499397613,-1.0251035186999167,-1573.2232205317976,603.5558984753387,-1808.3045625543205,471.6743138171982
8975,0.665186,0.7493741716409668,0.9152344823782563,143.214935,13.547611,101.554436,249.9634064641495,-2.522593180074727,-1579.100898530604,604.9003086396957,-1810.174106315424,473.00688244726445
8976,0.665186,0.7493741716409668,0.9152344823782563,143.214935,13.547611,101.554436,246.0670657867189,-4.170333875183605,-1585.8908087315926,607.210277794114,-1811.4566956940914,474.8061942168609
8977,0.661966,0.7494228725721557,0.9262522325949698,142.181976,15.859498,103.24897,240.56035916859597,-5.953300500438743,-1593.6017279136759,608.889250026731,-1812.3110261308027,476.6255748082092
8978,0.664534,0.7493840328233068,0.9174654057140632,142.014709,16.478951,103.24897,234.60432321333326,-8.057970463965285,-1599.7415551618963,609.900325030577,-1812.0799235162322,478.26301733794605
8979,0.661211,0.7494342915793133,0.9288355870712488,146.163925,13.675078,103.24897,230.04389086553581,-9.852173427980494,-1604.26739967197,610.4102925304786,-1811.0719311587598,478.53671560573974
8980,0.663837,0.7493945746087226,0.9198503038199788,143.747208,15.243521,106.86026,226.03950175806855,-11.466956093615952,-1606.9406597187347,611.0692632808724,-1807.9647380266558,478.78304404645223
8981,0.659955,0.7494532879673795,0.9331331939880787,141.970276,16.205648,101.191879,222.13555156391152,-12.52026048920533,-1607.4465937492391,611.862336956513,-1803.2682642019147,478.4047396400289
8982,0.659955,0.7494532879673795,0.9331331939880787,141.970276,16.205648,101.191879,218.6219963926567,-14.26823444767939,-1607.2019343732802,611.9761032613429,-1798.3414377608808,477.4642656720475
8983,0.659955,0.7494532879673795,0.9331331939880787,141.970276,16.205648,101.191879,213.05979673221384,-15.841411008901071,-1608.5817409412057,612.0784929355984,-1792.8072939637223,476.3178391004779
8984,0.662706,0.7494116804326899,0.9237202030420604,143.172623,13.504928,101.191879,206.3538170360137,-17.457269913547876,-1610.6235668540817,611.6706436406411,-1787.5265645492552,475.5860551879226
8985,0.662891,0.7494088823978234,0.9230871956538333,142.269684,13.791565,99.807983,198.91843530948202,-19.41154292821996,-1612.761210175266,611.5035792760618,-1782.1739080778223,474.82744966679087
8986,0.662537,0.7494142364753517,0.9242984638453597,142.322037,13.665902,99.753761,192.6265917610705,-21.670388641667504,-1613.0850891586383,611.7532213491486,-1776.9565172555592,473.9447046976617
8987,0.660261,0.7494486598664654,0.9320861655513353,143.560593,14.041801,101.511185,185.66393256757075,-23.103349781080286,-1613.3765802435028,611.6778992140455,-1770.2608655132776,472.7502342249117
8988,0.658096,0.7494814044366591,0.939494062824374,142.590363,14.377256,109.576759,178.79753929537668,-25.193014807670234,-1612.0389222161452,611.3101092918141,-1763.5347789468285,471.0752107986547
8989,0.659906,0.7494540290685063,0.9333008554044202,142.897171,13.524202,96.888504,173.61778535535842,-26.973713330506236,-1608.7350299878456,610.979098361963,-1755.2813010354455,469.56768971573894
8990,0.659906,0.7494540290685063,0.9333008554044202,142.897171,13.524202,96.888504,168.75600681096907,-29.076342001284576,-1605.3615269829177,610.6811885252241,-1746.7531709163707,468.11092074151225
8991,0.659906,0.7494540290685063,0.9333008554044202,142.897171,13.524202,96.888504,163.6804061215536,-30.768707803929797,-1602.8253742804693,610.3130696720984,-1739.6778538131377,467.1998286658678
8992,0.659906,0.7494540290685063,0.9333008554044202,142.897171,13.524202,96.888504,158.21236550133264,-32.791837026521016,-1602.0428368512682,609.6817627039574,-1733.6100684228736,466.3798457980715
8993,0.659906,0.7494540290685063,0.9333008554044202,142.897171,13.524202,96.888504,152.39112894347147,-34.41265332602061,-1602.738553167065,610.113586434135,-1728.5490615738677,465.54186121715196
8994,0.659906,0.7494540290685063,0.9333008554044202,142.897171,13.524202,96.888504,147.45201604322315,-35.57138799480299,-1604.3646978523013,611.2022277920222,-1725.0941554123533,465.08767509489405
8995,0.657651,0.7494881348448514,0.9410167022176776,144.071304,13.434686,101.796616,141.4068144324004,-36.81424919665915,-1606.02822806886,612.3820050140886,-1721.9847398677746,465.2789075856103
8996,0.655883,0.7495148749834669,0.9470661998521956,142.904236,13.210255,104.619034,134.96613298292723,-37.93282427807576,-1609.0254052648745,612.9438045132234,-1719.1862658782889,464.75101682653843
8997,0.65562,0.7495188527303311,0.9479660968419461,142.276947,13.420398,106.85865,129.56951967993407,-39.13954185131923,-1612.1228647410849,613.7494240626028,-1717.467639288963,464.7759151439063
8998,0.657055,0.7494971490544752,0.9430560125062368,144.693222,13.212551,101.009613,125.21256770852526,-40.825587667509,-1615.2105782693968,614.1744816566757,-1716.8208753595595,464.99832362968993
8999,0.658169,0.7494803003472253,0.939244281530641,143.342743,16.402597,109.91481,120.89131093462406,-42.34302890182867,-1617.7895204442766,614.1570334909958,-1715.73878782284,465.4984912670738
9000,0.658253,0.7494790298881508,0.9389568619597704,142.412567,14.868523,109.91481,118.30217983951768,-43.00872601206849,-1620.0105684012592,614.5413301421403,-1716.664909041144,466.0486421407158
9001,0.655241,0.7495245849206792,0.9492629065724225,143.982132,13.034904,101.651054,117.37196185503433,-43.70785341126117,-1621.9095115622185,615.4871971284668,-1719.2984181385345,466.3437779268129
9002,0.655241,0.7495245849206792,0.9492629065724225,143.982132,13.034904,101.651054,116.23476566894603,-43.93706807025294,-1624.118560407133,616.2384774160065,-1721.5685763258484,466.7094001343196
9003,0.655241,0.7495245849206792,0.9492629065724225,143.982132,13.034904,101.651054,115.71128910180911,-43.54336126304541,-1626.206704367386,616.3146296744411,-1723.811718694302,467.33846012117885
9004,0.655101,0.74952670235247,0.9497419391905404,143.645432,13.076285,101.213921,117.34016019230678,-43.38902513667658,-1628.8860339317637,617.0831667073172,-1727.230546826296,468.00461410933843
9005,0.655101,0.74952670235247,0.9497419391905404,143.645432,13.076285,101.213921,120.30614417418816,-42.95012262284436,-1630.6974305392666,617.7748500368449,-1730.8074921450075,469.3041526988918
9006,0.655228,0.7495247815393454,0.9493073881726763,142.523712,13.129072,100.40168,122.77552975760263,-41.45511036005545,-1632.5276874859576,618.4973650334042,-1733.8267429315258,470.57373742943105
9007,0.654968,0.7495287139126713,0.9501970201777525,142.296844,13.142657,100.117393,125.39797678263879,-40.50959932376276,-1636.1749187384694,619.6476285304132,-1740.2440686403224,471.8163636868653
9008,0.695784,0.7489113917985694,0.8105384820270154,141.702942,12.700563,97.549568,126.7581791047467,-39.65863939115389,-1640.4574268657932,620.6828656776548,-1746.0196617778688,473.53472731864844
9009,0.656092,0.7495117139602935,0.9463510725865767,141.702942,12.700563,97.549568,129.18236119486838,-39.0927754518993,-1642.9116841798177,621.0145791099709,-1751.41769560141,475.08125458716404
9010,0.653582,0.7495496764874005,0.9549394430971203,141.620728,12.403068,97.300392,132.9641250762188,-38.58349790659661,-1643.820515762037,621.31312119904,-1756.6759260424335,476.67312912880004
9011,0.650639,0.7495941879285462,0.9650093930622718,141.056351,15.695539,99.374313,136.6677125693349,-37.92514811580577,-1643.9384641858571,621.5818090791895,-1761.2083334390934,477.90581621616565
9012,0.650639,0.7495941879285462,0.9650093930622718,141.056351,15.695539,99.374313,140.90094131316056,-36.63263330399341,-1643.0446177671113,622.1236281713676,-1766.5875000961487,479.015234594748
9013,0.650639,0.7495941879285462,0.9650093930622718,141.056351,15.695539,99.374313,145.61084718260466,-35.26936997337404,-1642.24015599027,623.1112653543903,-1772.9287500875575,479.6137111353698
9014,0.653578,0.7495497369854516,0.9549531297433527,142.708328,13.062235,99.374313,149.3497624648873,-32.842432975684105,-1641.916140391196,624.700138819182,-1777.8358750795146,479.952340021882
9015,0.65428,0.7495391195774719,0.9525511233296466,142.525406,14.150723,100.27433,152.01478621874696,-31.15818967789551,-1643.2245263522475,625.6301249373854,-1781.552287572049,480.8571060198121
9016,0.65239,0.749567704906648,0.9590180636742391,141.668274,13.714827,99.779716,152.41330759691917,-30.14237070998644,-1646.3020737173847,626.16711244371,-1785.097058815261,481.67139541792665
9017,0.651887,0.7495753125365822,0.9607391594379058,142.516968,13.052948,96.509804,151.8719768371699,-30.32813363900747,-1649.4718663459819,627.5504011994855,-1787.987352934041,483.0042558762752
9018,0.652054,0.749572786742946,0.9601677419577221,139.675491,13.758208,102.045021,150.48477915332072,-31.59532027522749,-1653.6246797117794,628.2953610796079,-1790.4886176408754,484.403830288781
9019,0.648778,0.7496223346468512,0.9713771052216833,143.738342,13.758208,102.045021,149.03630123786442,-32.83578824781114,-1657.9622117409738,629.1658249717218,-1793.239755877024,486.0634472600452
9020,0.648778,0.7496223346468512,0.9713771052216833,143.738342,13.758208,102.045021,146.63267111389243,-32.952209423039015,-1663.165990567278,629.9492424746101,-1796.7157802895902,487.75710253417145
9021,0.648778,0.7496223346468512,0.9713771052216833,143.738342,13.758208,102.045021,146.26940400247796,-33.05698848074239,-1667.3493915108409,630.9543182272189,-1801.4442022609599,488.68139228081856
9022,0.646739,0.7496531735284333,0.9783538731384156,141.493362,15.604262,108.631203,145.9424636022097,-32.45128963263028,-1671.3144523600045,632.4588864045911,-1805.6997820351298,489.91325305281373
9023,0.650692,0.7495933863293681,0.9648280449996984,142.347305,15.811125,108.631203,146.24821724200595,-32.30616066935908,-1675.0830071242158,633.2129977641745,-1809.4298038318268,490.9219277475891
9024,0.648807,0.7496218960359803,0.9712778770365014,142.267563,15.171328,108.247269,145.92339551778892,-32.07554460241149,-1678.5747064119712,633.7916979877864,-1812.9868234488242,491.92973497288125
9025,0.649114,0.7496172528105532,0.9702274269381999,142.237381,15.056686,107.590569,146.23105596602406,-31.667990142151766,-1679.3172357708079,634.9125281890589,-1815.4881411040558,492.2367614756072
9026,0.649816,0.7496066354025736,0.9678254205244943,142.986038,14.670676,101.558975,147.30795036946583,-31.101191127913335,-1679.285512193726,635.1212753701616,-1816.139326993677,491.91308532803316
9027,0.651637,0.74957909366478,0.9615945748274024,141.98793,14.42134,94.201797,148.17715533255134,-30.991072015117933,-1677.2569609742784,634.6091478331265,-1815.5253942942868,490.9217767951933
9028,0.64549,0.74967206404491,0.9826275284243393,142.871429,12.702822,98.941353,149.75943979934877,-30.99196481360617,-1673.4312648767234,635.1482330498318,-1814.2728548648163,490.72959911566755
9029,0.646194,0.7496614163879047,0.9802186786875176,143.096298,13.065233,99.556145,149.88349581941762,-31.092768332248568,-1673.0881383890408,636.0334097448751,-1813.44556937831,490.1566392040836
9030,0.645865,0.7496663923526132,0.9813444053400948,143.030136,12.950732,99.812088,146.19514623737658,-30.883491499018078,-1675.0793245501902,635.8300687703822,-1812.2010124404455,490.2409752836775
9031,0.645302,0.7496749074533149,0.9832708007972406,143.620087,14.073728,102.047165,141.4756316135246,-31.995142349143197,-1677.5713920952314,636.0470618933492,-1811.3809111963812,490.71687775532126
9032,0.645454,0.7496726085273705,0.982750708240427,143.390167,14.20634,101.63868,136.02806845205336,-33.39562811425941,-1680.9142528857813,636.3423557040207,-1810.5428200767249,491.3451899798028
9033,0.646416,0.7496580587460651,0.9794590698216448,141.566544,15.163283,107.298492,130.72526160674397,-34.45606530285428,-1683.7228275972582,636.7081201336258,-1809.6885380690358,491.9106709818336
9034,0.645682,0.7496691601384541,0.9819705694052061,142.827393,13.45567,97.487907,127.35273544601,-35.710458772591004,-1684.2505448375416,636.4373081202584,-1808.1196842621043,491.71960388364687
9035,0.644575,0.7496859029741143,0.9857583487498962,142.126083,14.264917,100.257507,125.91746190138618,-37.2394128953562,-1682.8254903537647,635.7935773082223,-1805.4077158358507,490.84764349526836
9036,0.644891,0.7496811236280723,0.9846771036975728,142.583694,14.477208,100.17601,125.82571571124625,-37.715471605827396,-1679.242941318337,634.8142195773861,-1802.066944252218,490.1628791457317
9037,0.644979,0.7496797926709465,0.9843759974804702,142.596268,13.720318,98.854736,128.34314414015404,-37.74392444524502,-1673.8186471864333,634.23279761964,-1798.560249826951,489.4465912311493
9038,0.644386,0.749688761507032,0.9864050427843551,143.011917,14.566239,101.039154,130.90882972616836,-37.669532000719656,-1668.6367824677297,633.70951785767,-1795.404224844219,488.40193210802227
9039,0.641351,0.7497346644033545,0.9967897856128416,142.349075,12.77753,98.575256,131.51794675355788,-37.10257880064178,-1665.2731042209214,633.4385660719001,-1793.0638023597726,487.96173889721547
9040,0.641834,0.7497273592636762,0.9951371230803345,142.601685,12.812333,99.259605,132.36615207821006,-36.39232092057094,-1663.7457937988147,633.2947094647087,-1792.1574221237868,487.36556500748827
9041,0.642384,0.7497190407816408,0.9932552092234426,143.442413,14.129956,102.190643,134.2295368704048,-36.35308882851351,-1662.4712144189227,633.7652385182419,-1791.9416799114063,487.1290085067374
9042,0.644301,0.7496900470906193,0.9866958840167843,142.263382,14.806793,103.663742,134.90658318336946,-36.117779945660374,-1661.3240929770218,633.0887146664124,-1791.5475119202624,486.51610765605903
9043,0.643963,0.7496951591759429,0.9878524056233835,142.061325,15.076255,104.955574,134.6159248650305,-36.20600195109494,-1660.491683679314,632.5798431997678,-1790.792760728231,486.26449689045137
9044,0.643799,0.7496976395960406,0.9884135581188929,142.60527,14.254891,99.642334,134.85433237852894,-36.18540175598532,-1659.1425153113744,632.7218588797919,-1790.1134846554037,486.1380472014054
9045,0.64343,0.7497032205412607,0.9896761512337897,142.325348,14.815825,101.984344,134.66889914067502,-35.766861580384465,-1657.9282637802303,632.3496729918106,-1788.9021361898565,485.92424248126366
9046,0.642488,0.7497174678323104,0.9928993564214119,141.48587,14.553784,100.581917,134.10200922660468,-35.59017542234513,-1656.635437402201,631.9147056926273,-1787.911922570866,485.6318182331358
9047,0.641285,0.7497356626211987,0.9970156152756684,142.221161,14.494555,100.454552,133.39180830394105,-35.6311578801108,-1656.1718936619786,632.023235123365,-1787.120730313776,485.4686364098215
9048,0.642737,0.7497137018286253,0.9920473626934734,142.156631,15.958455,107.918907,133.3526274735468,-35.268042092098256,-1656.2547042957813,632.2209116110292,-1787.5086572824,485.8217727688408
9049,0.640002,0.7497550673711103,1.001405607054564,143.184647,14.409869,101.18222,133.31736472619198,-34.54123788288579,-1657.5292338662077,632.3988204499269,-1789.7577915541683,485.43959549195534
9050,0.639281,0.7497659721448331,1.0038726250378716,142.192047,13.301382,98.662941,132.1856282535691,-32.08711409458918,-1659.8763104795944,632.1589384049335,-1791.182012398756,484.9956359427584
9051,0.639077,0.7497690575454425,1.0045706439957005,141.053314,13.353922,98.15242,129.86706542820536,-33.77840268513525,-1662.7886794316435,632.1430445644401,-1791.363811158881,487.49607234848986
9052,0.638452,0.7497785103659373,1.0067091824694416,142.926071,14.14419,101.69706,127.7803588853793,-33.200562416620194,-1666.2098114884882,631.6287401079948,-1793.1274300429977,488.04646511364234
9053,0.636319,0.7498107709517218,1.0140075865726246,141.082962,15.114079,110.961166,128.90232299684405,-34.28050617496075,-1667.6888303396427,632.3658660971971,-1796.0146870387048,489.1418186022807
9054,0.638807,0.7497731411638963,1.0054944926163567,141.565002,14.610738,104.475456,129.1120906971601,-35.25245555746676,-1667.519947305678,632.4292794874775,-1796.5132183348353,490.72763674205606
9055,0.640227,0.7497516643557323,1.0006357332040174,141.257401,14.986555,99.941399,131.30088162744835,-35.52721000172061,-1668.6679525751124,632.5863515387301,-1799.8618965013582,490.7548730678505
9056,0.637893,0.7497869649685879,1.008621891280355,143.285294,14.437964,100.844269,135.3707934647106,-34.674489001547066,-1665.9011573175965,632.9277163848577,-1802.0757068512262,491.07938576106596
9057,0.639717,0.749759377857256,1.0023807805985898,141.91098,15.982352,107.500084,141.63371411824934,-33.40704010139038,-1662.2110415858313,632.934944746372,-1805.7681361661096,490.97144718495923
9058,0.639983,0.7497553547368534,1.001470618624166,141.713303,15.236116,100.170891,146.77034270643165,-31.066336091248044,-1658.8899374272437,632.341450271734,-1808.8913225495028,489.7743024664616
9059,0.636716,0.7498047665201435,1.0126491869341048,142.967712,14.490379,101.654984,151.29330843579422,-28.95970248212057,-1655.3009436845146,631.90730524456,-1811.3021902945557,488.4968722198138
9060,0.634546,0.7498375867129013,1.020074192514933,140.228058,16.442133,99.957253,156.76397759222104,-27.06373223390635,-1648.970849316056,632.2165747201044,-1812.0719712651007,487.5471849978313
9061,0.634207,0.7498427139227377,1.0212341357830903,141.39473,12.855721,99.957253,160.38757983300266,-25.75735901051437,-1644.0737643844454,631.5949172480933,-1811.0647741385897,486.19246649804677
9062,0.635413,0.749824473760311,1.0171076119441596,140.529144,13.632626,98.774094,162.4488218497043,-24.781623109462032,-1638.5663879459958,629.9354255232824,-1807.9582967247277,485.0732198482411
9063,0.635778,0.7498189533131421,1.015858705475495,140.627213,13.538678,99.998322,165.70393966473657,-24.90346079851593,-1633.409749151392,628.9418829709534,-1805.3624670522524,484.66589786341666
9064,0.63755,0.7497921526764754,1.0097955211947447,141.157486,15.469535,101.307281,168.03354569826465,-25.113114718664495,-1629.9687742362503,627.6476946738571,-1803.726220347026,484.49930807707483
9065,0.634815,0.7498335182189604,1.019153765555835,141.866104,14.787356,101.703568,169.73019112843932,-24.9018032467979,-1630.2718968126255,627.6829252064714,-1806.5535983123252,484.1493772693671
9066,0.633477,0.7498537548170755,1.0237319487204197,142.600784,14.537692,102.891434,170.0571720155956,-24.811622922118055,-1630.544707131363,628.1146326858245,-1808.0982384810934,483.83443954243023
9067,0.63394,0.7498467521676531,1.0221477194190722,141.511459,14.977784,104.114304,169.15145481403556,-25.03046062990637,-1631.290236418227,627.903169417242,-1809.2884146329845,483.6509955881871
9068,0.634427,0.7498393865299235,1.0204813702403333,141.570267,14.109351,98.257668,168.5363093326317,-25.427414566915925,-1630.0612127764039,627.7128524755177,-1808.7595731696856,483.3858960293682
9069,0.63312,0.7498591542681421,1.0249534818966204,141.285019,15.032535,99.391014,168.18267839936837,-25.484673110224357,-1628.955091498763,627.6415672279659,-1808.0836158527165,482.94730642643117
9070,0.631265,0.7498872102393705,1.0313006640866837,140.852448,13.612953,101.80088,168.16441055943153,-26.236205799202217,-1627.059582348886,626.877410505169,-1806.3752542674442,482.5525757837879
9071,0.631637,0.7498815839206121,1.030027805987113,141.678787,14.279561,99.906136,167.64796950348818,-26.412585219282057,-1626.0536241139969,626.2896694546519,-1804.4377288406988,482.3973182054091
9072,0.63102,0.7498909157450044,1.03213897116839,141.790878,13.800893,99.389496,166.8831725531391,-26.371326697353833,-1624.4482617025965,626.0607025091866,-1802.5939559566286,482.15758638486807
9073,0.631079,0.7498900233987498,1.0319370931364689,141.629303,13.854184,99.300362,166.69485529782511,-26.834194027618587,-1622.0034355323362,625.8546322582679,-1800.7345603609651,481.6418277463811
9074,0.630335,0.7499012760362668,1.0344828093356102,141.451981,13.57525,99.685257,164.62536976804208,-27.150774624856812,-1619.903091979102,625.769169032441,-1798.2611043248683,481.07764497174287
9075,0.629808,0.7499092466545079,1.0362860249766683,141.526199,13.684595,99.534996,162.26283279123732,-27.4356971623712,-1618.0127827811916,625.6922521291968,-1794.9349938923808,480.0698804745683
9076,0.629828,0.749908944164252,1.0362175917455083,142.192963,14.772152,102.015877,159.9365495121131,-28.092127446134217,-1614.9115045030717,625.5230269162771,-1790.3414945031416,479.8628924271115
9077,0.631664,0.7498811755587667,1.0299354211250473,141.200958,16.221453,107.450081,157.4428945609013,-28.98291470152096,-1612.9203540527642,625.2707242246494,-1786.8073450528268,478.9766031844002
9078,0.631664,0.7498811755587667,1.0299354211250473,141.200958,16.221453,107.450081,153.99860510481057,-29.284623231368915,-1611.5283186474876,625.1436518021844,-1782.5266105475432,478.4789428659601
9079,0.631664,0.7498811755587667,1.0299354211250473,141.200958,16.221453,107.450081,151.9987445943292,-29.856160908232113,-1612.2754867827389,625.529286621966,-1781.4739494927887,478.131048579364
9080,0.631664,0.7498811755587667,1.0299354211250473,141.200958,16.221453,107.450081,148.89887013489584,-30.570544817409,-1612.647938104465,626.1763579597695,-1780.4265545435098,478.31794372142764
9081,0.631389,0.7498853347997844,1.0308763780534935,141.000015,16.310064,107.950401,144.00898312140566,-31.313490335668195,-1616.0831442940191,626.5587221637926,-1780.3838990891586,478.1861493492849
9082,0.626819,0.749954453823242,1.046513371373487,140.842865,13.158079,99.605438,140.90808480926475,-31.682141302101414,-1617.3748298646174,626.7028499474134,-1779.2455091802426,478.46753441435646
9083,0.626622,0.749957433352262,1.0471874387004103,140.772247,13.111641,99.702286,138.41727632833803,-32.913927171891395,-1618.737346878156,626.932564952672,-1779.1209582622187,478.32078097292083
9084,0.628132,0.7499345953379466,1.0420207297478519,141.337036,13.834502,99.151138,135.47554869550396,-33.72253445470233,-1618.3636121903403,626.6393084574048,-1775.9088624359968,478.3887028756287
9085,0.627528,0.7499437305436728,1.0440874133288753,142.028259,14.560805,102.053368,132.62799382595333,-34.55028100923216,-1617.8272509713063,626.1753776116643,-1773.317976192397,478.34983258806585
9086,0.625486,0.7499746147987932,1.051074446230282,143.132339,14.03318,101.802025,130.2651944433578,-34.69525290830895,-1617.2445258741755,625.9578398504979,-1772.2861785731573,478.21484932925927
9087,0.629765,0.7499098970085579,1.0364331564236617,140.613602,15.623021,98.961319,128.3386749990219,-34.32572761747803,-1616.8200732867579,626.0620558654481,-1771.5575607158414,478.2933643963334
9088,0.630707,0.7498956497175082,1.0332099512360395,140.830048,15.623021,98.961319,126.7048074991196,-34.09315485573021,-1618.0380659580821,626.3558502789033,-1771.9018046442575,478.2640279567001
9089,0.630337,0.7499012457872412,1.034475966012494,140.761444,15.595914,99.014328,126.1343267492076,-33.983839370157185,-1617.534259362274,626.0202652510129,-1772.8116241798318,477.63762516103003
9090,0.629114,0.7499197430663853,1.0386606580979105,141.032532,15.232958,100.290016,126.22089407428685,-33.78545543314146,-1616.0808334260466,626.2182387259116,-1772.6304617618484,477.37386264492704
9091,0.627478,0.7499444867693124,1.044258496406775,140.112946,14.344626,100.774651,126.79880466685819,-33.6069098898273,-1613.972750083442,625.7964148533205,-1771.2674155856635,477.1364763804343
9092,0.625274,0.749977821195505,1.0517998384805747,139.237411,13.387657,97.190186,128.41892420017243,-33.54621890084457,-1611.4754750750976,625.0167733679883,-1771.140674027097,476.4228287423909
9093,0.624467,0.7499900266773278,1.054561119357869,140.656876,13.106453,98.825874,130.47703178015527,-33.39159701076011,-1607.4279275675876,624.8150960311895,-1770.2266066243872,476.4805458681518
9094,0.629865,0.7499083845572788,1.0360909902678634,139.874924,16.146425,91.785454,133.32932860213984,-33.05243730968409,-1605.185134810829,624.6335864280705,-1771.5039459619486,475.93249128133664
9095,0.621904,0.7500287908036127,1.063330837930986,139.874924,14.45802,107.160332,134.59639574192587,-32.34719357871566,-1605.0666213297459,624.7702277852635,-1773.653551365754,475.339242153203
9096,0.621904,0.7500287908036127,1.063330837930986,139.874924,14.45802,107.160332,135.4367561677333,-32.21247422084409,-1604.9599591967713,624.6932050067372,-1775.6881962291786,475.7053179378827
9097,0.621904,0.7500287908036127,1.063330837930986,139.874924,14.45802,107.160332,136.39308055096,-31.791226798759677,-1603.063963277094,624.2238845060635,-1776.0193766062605,475.53478614409437
9098,0.626967,0.7499522153953488,1.046006965462905,139.963257,15.124849,98.787514,137.85377249586404,-31.212104118883698,-1601.0575669493844,623.6014960554571,-1775.8174389456342,475.081307529685
9099,0.627569,0.7499431104386483,1.0439471252049977,140.435165,15.459568,98.553917,140.96839524627768,-30.490893706995315,-1599.0518102544459,622.2413464499114,-1776.435695051071,474.6731767767165
